@FONTFACE,@FONTWIDTH,@FONTSTYLE,@FONTHEIGHT,@FONTFLAGS,@UNIQUEIDENTIFIER,RelationshipCollection
Arial Black,0,0,11,34,2878b855e81b11ec94fa000d3a0ebc70,
Arial Narrow,0,1,10,34,2878b85ae81b11ec94fa000d3a0ebc70,
Arial Narrow,0,1,11,34,2878b85be81b11ec94fa000d3a0ebc70,
Arial Narrow,0,1,12,32,2878b85ce81b11ec94fa000d3a0ebc70,
Arial Narrow,0,1,14,32,2878b85de81b11ec94fa000d3a0ebc70,
Arial Narrow,0,1,14,34,2878b85ee81b11ec94fa000d3a0ebc70,
Arial Narrow,0,0,16,34,2878b85fe81b11ec94fa000d3a0ebc70,
Arial Narrow,0,1,16,32,2878b860e81b11ec94fa000d3a0ebc70,
Arial Narrow,0,1,16,34,2878b861e81b11ec94fa000d3a0ebc70,
Arial Narrow,0,0,6,32,2878b856e81b11ec94fa000d3a0ebc70,
Arial Narrow,0,0,8,32,2878b857e81b11ec94fa000d3a0ebc70,
Arial Narrow,0,1,9,32,2878b858e81b11ec94fa000d3a0ebc70,
Arial Narrow,0,5,9,32,2878b859e81b11ec94fa000d3a0ebc70,
Arial Rounded MT Bold,0,0,10,32,2878b864e81b11ec94fa000d3a0ebc70,
Arial Rounded MT Bold,0,0,14,32,2878b865e81b11ec94fa000d3a0ebc70,
Arial Rounded MT Bold,0,0,16,32,2878b866e81b11ec94fa000d3a0ebc70,
Arial Rounded MT Bold,0,0,18,32,2878b867e81b11ec94fa000d3a0ebc70,
Arial Rounded MT Bold,0,0,20,32,2878b868e81b11ec94fa000d3a0ebc70,
Arial Rounded MT Bold,0,0,24,32,2878b869e81b11ec94fa000d3a0ebc70,
Arial Rounded MT Bold,0,0,8,32,2878b862e81b11ec94fa000d3a0ebc70,
Arial Rounded MT Bold,0,0,9,32,2878b863e81b11ec94fa000d3a0ebc70,
Arial,0,0,10,32,2878b82ce81b11ec94fa000d3a0ebc70,
Arial,0,0,10,34,2878b82de81b11ec94fa000d3a0ebc70,
Arial,0,1,10,32,2878b82ee81b11ec94fa000d3a0ebc70,
Arial,0,1,10,34,2878b82fe81b11ec94fa000d3a0ebc70,
Arial,0,4,10,34,2878b830e81b11ec94fa000d3a0ebc70,
Arial,0,0,11,32,2878b831e81b11ec94fa000d3a0ebc70,
Arial,0,0,11,34,2878b832e81b11ec94fa000d3a0ebc70,
Arial,0,1,11,32,2878b833e81b11ec94fa000d3a0ebc70,
Arial,0,0,12,32,2878b834e81b11ec94fa000d3a0ebc70,
Arial,0,0,12,34,2878b835e81b11ec94fa000d3a0ebc70,
Arial,0,1,12,32,2878b836e81b11ec94fa000d3a0ebc70,
Arial,0,1,12,34,2878b837e81b11ec94fa000d3a0ebc70,
Arial,0,1,13,32,2878b838e81b11ec94fa000d3a0ebc70,
Arial,0,0,14,32,2878b839e81b11ec94fa000d3a0ebc70,
Arial,0,0,14,34,2878b83ae81b11ec94fa000d3a0ebc70,
Arial,0,1,14,32,2878b83be81b11ec94fa000d3a0ebc70,
Arial,0,1,14,34,2878b83ce81b11ec94fa000d3a0ebc70,
Arial,0,0,16,0,2878b83de81b11ec94fa000d3a0ebc70,
Arial,0,0,16,32,2878b83ee81b11ec94fa000d3a0ebc70,
Arial,0,1,16,32,2878b83fe81b11ec94fa000d3a0ebc70,
Arial,0,1,16,34,2878b840e81b11ec94fa000d3a0ebc70,
Arial,0,0,18,32,2878b841e81b11ec94fa000d3a0ebc70,
Arial,0,1,18,32,2878b842e81b11ec94fa000d3a0ebc70,
Arial,0,1,18,34,2878b843e81b11ec94fa000d3a0ebc70,
Arial,0,4,18,32,2878b844e81b11ec94fa000d3a0ebc70,
Arial,0,5,18,32,2878b845e81b11ec94fa000d3a0ebc70,
Arial,0,0,2,32,2878b81ce81b11ec94fa000d3a0ebc70,
Arial,0,1,2,32,2878b81de81b11ec94fa000d3a0ebc70,
Arial,0,0,20,32,2878b846e81b11ec94fa000d3a0ebc70,
Arial,0,0,20,34,2878b847e81b11ec94fa000d3a0ebc70,
Arial,0,1,20,0,2878b848e81b11ec94fa000d3a0ebc70,
Arial,0,1,20,32,2878b849e81b11ec94fa000d3a0ebc70,
Arial,0,0,22,32,2878b84ae81b11ec94fa000d3a0ebc70,
Arial,0,0,24,32,2878b84be81b11ec94fa000d3a0ebc70,
Arial,0,1,24,32,2878b84ce81b11ec94fa000d3a0ebc70,
Arial,0,1,24,34,2878b84de81b11ec94fa000d3a0ebc70,
Arial,0,0,26,32,2878b84ee81b11ec94fa000d3a0ebc70,
Arial,0,1,28,32,2878b84fe81b11ec94fa000d3a0ebc70,
Arial,0,0,36,32,2878b850e81b11ec94fa000d3a0ebc70,
Arial,0,1,4,32,2878b81ee81b11ec94fa000d3a0ebc70,
Arial,0,1,48,32,2878b851e81b11ec94fa000d3a0ebc70,
Arial,0,0,5,32,2878b81fe81b11ec94fa000d3a0ebc70,
Arial,0,0,7,32,2878b820e81b11ec94fa000d3a0ebc70,
Arial,0,0,777,32,2878b852e81b11ec94fa000d3a0ebc70,
Arial,0,0,777,34,2878b853e81b11ec94fa000d3a0ebc70,
Arial,0,1,777,32,2878b854e81b11ec94fa000d3a0ebc70,
Arial,0,0,8,32,2878b821e81b11ec94fa000d3a0ebc70,
Arial,0,0,8,34,2878b822e81b11ec94fa000d3a0ebc70,
Arial,0,1,8,32,2878b823e81b11ec94fa000d3a0ebc70,
Arial,0,1,8,34,2878b824e81b11ec94fa000d3a0ebc70,
Arial,0,0,9,0,2878b825e81b11ec94fa000d3a0ebc70,
Arial,0,0,9,32,2878b826e81b11ec94fa000d3a0ebc70,
Arial,0,0,9,34,2878b827e81b11ec94fa000d3a0ebc70,
Arial,0,1,9,0,2878b828e81b11ec94fa000d3a0ebc70,
Arial,0,1,9,32,2878b829e81b11ec94fa000d3a0ebc70,
Arial,0,1,9,34,2878b82ae81b11ec94fa000d3a0ebc70,
Arial,0,4,9,32,2878b82be81b11ec94fa000d3a0ebc70,
Calibri,0,0,10,32,2878b86be81b11ec94fa000d3a0ebc70,
Calibri,0,0,11,32,2878b86ce81b11ec94fa000d3a0ebc70,
Calibri,0,0,12,32,2878b86de81b11ec94fa000d3a0ebc70,
Calibri,0,0,18,32,2878b86ee81b11ec94fa000d3a0ebc70,
Calibri,0,5,18,32,2878b86fe81b11ec94fa000d3a0ebc70,
Calibri,0,5,48,32,2878b870e81b11ec94fa000d3a0ebc70,
Calibri,0,0,8,32,2878b86ae81b11ec94fa000d3a0ebc70,
Microsoft Himalaya,0,1,20,32,2878b872e81b11ec94fa000d3a0ebc70,
Microsoft Sans Serif,0,0,10,32,2878b878e81b11ec94fa000d3a0ebc70,
Microsoft Sans Serif,0,1,10,32,2878b879e81b11ec94fa000d3a0ebc70,
Microsoft Sans Serif,0,0,11,32,2878b87ae81b11ec94fa000d3a0ebc70,
Microsoft Sans Serif,0,1,11,32,2878b87be81b11ec94fa000d3a0ebc70,
Microsoft Sans Serif,0,5,11,32,2878b87ce81b11ec94fa000d3a0ebc70,
Microsoft Sans Serif,0,0,12,32,2878b87de81b11ec94fa000d3a0ebc70,
Microsoft Sans Serif,0,1,12,32,2878b87ee81b11ec94fa000d3a0ebc70,
Microsoft Sans Serif,0,4,12,32,2878b87fe81b11ec94fa000d3a0ebc70,
Microsoft Sans Serif,0,5,12,32,2878b880e81b11ec94fa000d3a0ebc70,
Microsoft Sans Serif,0,0,14,32,2878b881e81b11ec94fa000d3a0ebc70,
Microsoft Sans Serif,0,0,16,32,2878b882e81b11ec94fa000d3a0ebc70,
Microsoft Sans Serif,0,1,16,32,2878b883e81b11ec94fa000d3a0ebc70,
Microsoft Sans Serif,0,0,18,32,2878b884e81b11ec94fa000d3a0ebc70,
Microsoft Sans Serif,0,1,18,32,2878b885e81b11ec94fa000d3a0ebc70,
Microsoft Sans Serif,0,5,18,32,2878b886e81b11ec94fa000d3a0ebc70,
Microsoft Sans Serif,0,0,20,32,2878b887e81b11ec94fa000d3a0ebc70,
Microsoft Sans Serif,0,1,20,32,2878b888e81b11ec94fa000d3a0ebc70,
Microsoft Sans Serif,0,0,22,32,2878b889e81b11ec94fa000d3a0ebc70,
Microsoft Sans Serif,0,1,22,32,2878b88ae81b11ec94fa000d3a0ebc70,
Microsoft Sans Serif,0,0,24,32,2878b88be81b11ec94fa000d3a0ebc70,
Microsoft Sans Serif,0,1,24,32,2878b88ce81b11ec94fa000d3a0ebc70,
Microsoft Sans Serif,0,0,28,32,2878b88de81b11ec94fa000d3a0ebc70,
Microsoft Sans Serif,0,0,30,32,2878b88ee81b11ec94fa000d3a0ebc70,
Microsoft Sans Serif,0,0,4,32,2878b873e81b11ec94fa000d3a0ebc70,
Microsoft Sans Serif,0,0,6,32,2878b874e81b11ec94fa000d3a0ebc70,
Microsoft Sans Serif,0,0,7,32,2878b875e81b11ec94fa000d3a0ebc70,
Microsoft Sans Serif,0,0,8,32,2878b876e81b11ec94fa000d3a0ebc70,
Microsoft Sans Serif,0,0,9,32,2878b877e81b11ec94fa000d3a0ebc70,
Microsoft YaHei UI,0,0,18,32,2878b88fe81b11ec94fa000d3a0ebc70,
MS Outlook,0,0,18,32,2878b871e81b11ec94fa000d3a0ebc70,
Segoe UI,0,0,9,32,2878b890e81b11ec94fa000d3a0ebc70,
Tahoma,0,0,18,32,2878b891e81b11ec94fa000d3a0ebc70,
Tahoma,0,1,18,32,2878b892e81b11ec94fa000d3a0ebc70,
Times New Roman,0,0,10,18,2878b893e81b11ec94fa000d3a0ebc70,
Times New Roman,0,0,10,32,2878b894e81b11ec94fa000d3a0ebc70,
Times New Roman,0,5,10,18,2878b895e81b11ec94fa000d3a0ebc70,
Times New Roman,0,5,10,32,2878b896e81b11ec94fa000d3a0ebc70,
Times New Roman,0,0,11,32,2878b897e81b11ec94fa000d3a0ebc70,
Times New Roman,0,1,11,18,2878b898e81b11ec94fa000d3a0ebc70,
Times New Roman,0,0,12,18,2878b899e81b11ec94fa000d3a0ebc70,
Times New Roman,0,0,12,32,2878b89ae81b11ec94fa000d3a0ebc70,
Times New Roman,0,5,12,18,2878b89be81b11ec94fa000d3a0ebc70,
Times New Roman,0,1,14,18,2878b89ce81b11ec94fa000d3a0ebc70,
Times New Roman,0,1,14,32,2878b89de81b11ec94fa000d3a0ebc70,
Times New Roman,0,5,18,32,2878b89ee81b11ec94fa000d3a0ebc70,
Times New Roman,0,5,20,18,2878b89fe81b11ec94fa000d3a0ebc70,
Times New Roman,0,1,24,18,2878b8a0e81b11ec94fa000d3a0ebc70,
Times New Roman,0,5,24,18,2878b8a1e81b11ec94fa000d3a0ebc70,
