@UNIQUEIDENTIFIER,@TEMPLATE,@GROWTHTYPE,@DESCRIPTION,@VALUEADDED,@PRIORITY,@DECOMPOSITIONNUMBER,@NAME,@SPECIFICATION,@QUEUEDISCIPLINE,@TYPE,@AUTOMATIONTYPE,@ALTERNATENAME,@OBJECTIVE,@WHENCREATED,@VALIDATED,@WHENUPDATED,@DATEVALIDATED,@EXPORTFLAG,@COMPENSATION,@LOOPCOUNTER,@ADHOC,@REFERENCES,@ITILACTIVITY,@ETOMPROCESS,@OPTIONAL,@COSTEFFECTIVE,@NOTE,@STATUS,@SUBPROCESSTYPE,@COMPLEXMIFLOWCONDITION,@MIFLOWCONDITION,@TESTTIME,@ADHOCORDERING,@TASKTYPE,@ADHOCCOMPLETIONCONDITION,@TRANSACTIONSUBPROCESS,@ITILPROCESS,@CWTOTALCOMMENT,@LOOPTYPE,@LOOPMAXIMUM,@SHORTDESCRIPTION,@LOOPCONDITION,@PROCESSTYPE,@CWAVERAGERATING,RCWHOCREATEDTOUSER@WHOCREATED,RCWHOOWNSTOUSER@WHOOWNS,RCWHOUPDATEDTOUSER@WHOUPDATED,RCWHOCREATEDTOUSER@UNIQUEIDENTIFIER,RCWHOOWNSTOUSER@UNIQUEIDENTIFIER,RCWHOUPDATEDTOUSER@UNIQUEIDENTIFIER
02a3970f5f4b11e4925a6817294aebff,0,0,,0.0,0,,1. service provider identifies that external party is about to reach their threshold limit. service provider sends notifyServiceLimit (Limiter Warning). This serves as indication where the external party transaction rate is about to reach the point which,,0,,,,,2014-10-29T03:07:40,0,2014-10-29T03:07:40,1899-12-30T00:00:00,0,0,0,0,,,,0,0,,,,,,,,,,0,,0.0,,0,,,,0.0,32,32,32,,,
043d7f7d4d1111e1a996002564cb911c,0,0,,0.0,0,,Check Known Error,,0,ccde4e2b57e011e1aa36002564cb911c,,,,2012-02-01T15:12:09,0,2012-02-15T12:28:37,1899-12-30T00:00:00,0,0,0,0,,Investigation & Diagnosis,,0,0,,,,,,,,,,0,IM,0.0,,0,Search available knowledge bases for an existing known error.,,,0.0,,,,ADMIN,ADMIN,ADMIN
063773325f4c11e4925a6817294aebff,0,0,,0.0,0,,3. service provider sends a reminder requesting external party to perform the action; the details of the action are part of the notification.,,0,,,,,2014-10-29T03:14:47,0,2014-10-29T03:14:47,1899-12-30T00:00:00,0,0,0,0,,,,0,0,,,,,,,,,,0,,0.0,,0,,,,0.0,32,32,32,,,
063773335f4c11e4925a6817294aebff,0,0,,0.0,0,,"4. external party performs the necessary action, i.e. amend, cancel or require more time.",,0,,,,,2014-10-29T03:14:53,0,2014-10-29T03:14:53,1899-12-30T00:00:00,0,0,0,0,,,,0,0,,,,,,,,,,0,,0.0,,0,,,,0.0,32,32,32,,,
0a7c89ca4d1e11e1a996002564cb911c,0,0,,0.0,0,,Categorize & Prioritize Service Problem,,0,ccde4e2b57e011e1aa36002564cb911c,,,,2012-02-01T16:45:23,0,2012-02-15T12:28:37,1899-12-30T00:00:00,0,0,0,0,,Categorization,,0,0,,,,,,,,,,0,Incident Management,0.0,,0,"Categorize the service problem based on what is known about the problem thus far, similar to the prioritization used for Incident Management.",,,0.0,,,,ADMIN,ADMIN,ADMIN
0b45ccab5f4b11e4925a6817294aebff,0,0,,0.0,0,,2. external party receives the warning notification and takes any preventive measures.,,0,,,,,2014-10-29T03:07:46,0,2014-10-29T03:07:46,1899-12-30T00:00:00,0,0,0,0,,,,0,0,,,,,,,,,,0,,0.0,,0,,,,0.0,32,32,32,,,
0b45ccac5f4b11e4925a6817294aebff,0,0,,0.0,0,,3. service provider determines that external party has exceeded their transaction rate or crossed their limit. Service limiter has been activated. service provider sends notifyServiceLimit (Limiter Active). Note that external party can continue to submit,,0,,,,,2014-10-29T03:07:52,0,2014-10-29T03:07:52,1899-12-30T00:00:00,0,0,0,0,,,,0,0,,,,,,,,,,0,,0.0,,0,,,,0.0,32,32,32,,,
0e1b38055f4c11e4925a6817294aebff,0,0,,0.0,0,,5.   external party needs more time to perform the action and executes requestMoreTime to extend the activity time with service provider. This may be repeated up to the maximum permissible number of times.,,0,,,,,2014-10-29T03:15:00,0,2014-10-29T03:15:00,1899-12-30T00:00:00,0,0,0,0,,,,0,0,,,,,,,,,,0,,0.0,,0,,,,0.0,32,32,32,,,
0e1b38065f4c11e4925a6817294aebff,0,0,,0.0,0,,"6. service provider validates and acknowledges the request, updates the timer and sends a ?more time request has been accepted? notification.",,0,,,,,2014-10-29T03:15:06,0,2014-10-29T03:15:06,1899-12-30T00:00:00,0,0,0,0,,,,0,0,,,,,,,,,,0,,0.0,,0,,,,0.0,32,32,32,,,
126c59395f4b11e4925a6817294aebff,0,0,,0.0,0,,4. external party receives the notification and takes measures to reduce transaction rate.,,0,,,,,2014-10-29T03:07:58,0,2014-10-29T03:07:58,1899-12-30T00:00:00,0,0,0,0,,,,0,0,,,,,,,,,,0,,0.0,,0,,,,0.0,32,32,32,,,
15d690314d1f11e1a996002564cb911c,0,0,,0.0,0,,Isolate Service Problem,,0,ccde4e2b57e011e1aa36002564cb911c,,,,2012-02-01T16:52:51,0,2012-02-15T12:28:41,1899-12-30T00:00:00,0,0,0,0,,,,0,0,,,,,,,,,,0,,0.0,,0,Isolates a service fault to reduce any widespread impact.,,,0.0,,,,ADMIN,ADMIN,ADMIN
15e7a3f05f4c11e4925a6817294aebff,0,0,,0.0,0,,At Step 3:,,0,,,,,2014-10-29T03:15:13,0,2014-10-29T03:15:13,1899-12-30T00:00:00,0,0,0,0,,,,0,0,,,,,,,,,,0,,0.0,,0,,,,0.0,32,32,32,,,
183495694cf811e1a996002564cb911c,0,0,,0.0,0,,Communicate Service Improvement Opportunity,,0,ccde4e2b57e011e1aa36002564cb911c,,,,2012-02-01T12:13:54,0,2012-02-15T12:28:38,1899-12-30T00:00:00,0,0,0,0,,,,0,0,,,,,,,,,,0,,0.0,,0,Communicate the opportunity for improving the resource trouble to all related parties.,,,0.0,,,,ADMIN,ADMIN,ADMIN
1c42c0ce5f4d11e4925a6817294aebff,0,0,,0.0,0,,1. external party prepares the forecast in the agreed format.,,0,,,,,2014-10-29T03:22:43,0,2014-10-29T03:22:43,1899-12-30T00:00:00,0,0,0,0,,,,0,0,,,,,,,,,,0,,0.0,,0,,,,0.0,32,32,32,,,
1ccd7d0c5f4c11e4925a6817294aebff,0,0,,0.0,0,,1. external party requests performance data (i.e. performance reports) by executing QS-TP002 requestPerformanceData.,,0,,,,,2014-10-29T03:15:33,0,2014-10-29T03:15:33,1899-12-30T00:00:00,0,0,0,0,,,,0,0,,,,,,,,,,0,,0.0,,0,,,,0.0,32,32,32,,,
258b1c4d4cf711e1a996002564cb911c,0,0,,0.0,0,,Complete and Validate Customer Problem Report,,0,ccde4e2b57e011e1aa36002564cb911c,,,,2012-02-01T12:06:58,0,2012-02-15T12:28:38,1899-12-30T00:00:00,0,0,0,0,,,,0,0,,,,,,,,,,0,,0.0,,0,,,,0.0,,,,ADMIN,ADMIN,ADMIN
25f7a2f05f4d11e4925a6817294aebff,0,0,,0.0,0,,2. external party'submits the forecast.,,0,,,,,2014-10-29T03:22:49,0,2014-10-29T03:22:49,1899-12-30T00:00:00,0,0,0,0,,,,0,0,,,,,,,,,,0,,0.0,,0,,,,0.0,32,32,32,,,
25f7a2f15f4d11e4925a6817294aebff,0,0,,0.0,0,,3. service provider validates the submission and checks that forecast volumes fall within contractual limits.,,0,,,,,2014-10-29T03:22:56,0,2014-10-29T03:22:56,1899-12-30T00:00:00,0,0,0,0,,,,0,0,,,,,,,,,,0,,0.0,,0,,,,0.0,32,32,32,,,
25f9cc3e5f4c11e4925a6817294aebff,0,0,,0.0,0,,2. service provider validates the Service ID is valid and external party is authorized to request.,,0,,,,,2014-10-29T03:15:40,0,2014-10-29T03:15:40,1899-12-30T00:00:00,0,0,0,0,,,,0,0,,,,,,,,,,0,,0.0,,0,,,,0.0,32,32,32,,,
25f9cc3f5f4c11e4925a6817294aebff,0,0,,0.0,0,,3. service provider gets performance data and sends a response to external party.,,0,,,,,2014-10-29T03:15:46,0,2014-10-29T03:15:46,1899-12-30T00:00:00,0,0,0,0,,,,0,0,,,,,,,,,,0,,0.0,,0,,,,0.0,32,32,32,,,
2b0f5a524d1111e1a996002564cb911c,0,0,,0.0,0,,Monitor Resolution Update,,0,ccde4e2b57e011e1aa36002564cb911c,,,,2012-02-01T15:13:17,0,2012-02-15T12:28:41,1899-12-30T00:00:00,0,0,0,0,,,,0,0,,,,,,,,,,0,,0.0,,0,,,,0.0,,,,ADMIN,ADMIN,ADMIN
2b40749a5f4b11e4925a6817294aebff,0,0,,0.0,0,,service provider sends a notification to external party advising of the new billing Invoice by executing BIN-TP002 notifyBillingInvoice.,,0,,,,,2014-10-29T03:08:39,0,2014-10-29T03:08:39,1899-12-30T00:00:00,0,0,0,0,,,,0,0,,,,,,,,,,0,,0.0,,0,,,,0.0,32,32,32,,,
2b81e0bc4d1411e1a996002564cb911c,0,0,,0.0,0,,Complete and Validate Resource Trouble Report,,0,ccde4e2b57e011e1aa36002564cb911c,,,,2012-02-01T15:34:43,0,2012-02-15T12:28:38,1899-12-30T00:00:00,0,0,0,0,,,,0,0,,,,,,,,,,0,,0.0,,0,,,,0.0,,,,ADMIN,ADMIN,ADMIN
2cc99e054cf711e1a996002564cb911c,0,0,,0.0,0,,Update Time to Restore Service,,0,ccde4e2b57e011e1aa36002564cb911c,,,,2012-02-01T12:07:10,0,2012-02-15T12:28:43,1899-12-30T00:00:00,0,0,0,0,,,,0,0,,,,,,,,,,0,,0.0,,0,,,,0.0,,,,ADMIN,ADMIN,ADMIN
2dcaf32b5f4c11e4925a6817294aebff,0,0,,0.0,0,,"If the Service ID is invalid, service provider sends a failure response to external party.",,0,,,,,2014-10-29T03:15:53,0,2014-10-29T03:15:53,1899-12-30T00:00:00,0,0,0,0,,,,0,0,,,,,,,,,,0,,0.0,,0,,,,0.0,32,32,32,,,
2dcd36bd5f4d11e4925a6817294aebff,0,0,,0.0,0,,4. service provider determines that forecast can be accepted and updated internally to expect the volumes. Send acceptance notification to external party.,,0,,,,,2014-10-29T03:23:02,0,2014-10-29T03:23:02,1899-12-30T00:00:00,0,0,0,0,,,,0,0,,,,,,,,,,0,,0.0,,0,,,,0.0,32,32,32,,,
2dcd36be5f4d11e4925a6817294aebff,0,0,,0.0,0,,5. If forecast is invalid or is above or below the agreed limits then service provider may reject the forecast and notification sent to external party.,,0,,,,,2014-10-29T03:23:09,0,2014-10-29T03:23:09,1899-12-30T00:00:00,0,0,0,0,,,,0,0,,,,,,,,,,0,,0.0,,0,,,,0.0,32,32,32,,,
313dd5c14d1b11e1a996002564cb911c,0,0,,0.0,0,,Detect & Log Resource Trouble,,0,ccde4e2b57e011e1aa36002564cb911c,,,,2012-02-01T16:24:59,0,2012-02-15T12:28:39,1899-12-30T00:00:00,0,0,0,0,,,,0,0,,,,,,,,,,0,,0.0,,0,,,,0.0,,,,ADMIN,ADMIN,ADMIN
32a7761b4d1611e1a996002564cb911c,0,0,,0.0,0,,Perform Integrity Testing,,0,ccde4e2b57e011e1aa36002564cb911c,,,,2012-02-01T15:49:14,0,2012-02-15T12:28:42,1899-12-30T00:00:00,0,0,0,0,,,,0,0,,,,,,,,,,0,,0.0,,0,,,,0.0,,,,ADMIN,ADMIN,ADMIN
33d313395f4c11e4925a6817294aebff,0,0,,0.0,0,,1. external party wishes to request a previous BEF or BAF by executing BEF-TP001 requestBillingEventFile.,,0,,,,,2014-10-29T03:16:11,0,2014-10-29T03:16:11,1899-12-30T00:00:00,0,0,0,0,,,,0,0,,,,,,,,,,0,,0.0,,0,,,,0.0,32,32,32,,,
3531763e5f4b11e4925a6817294aebff,0,0,,0.0,0,,1. service provider identifies additional information required from external party for the Trouble Ticket to progress.,,0,,,,,2014-10-29T03:08:56,0,2014-10-29T03:08:56,1899-12-30T00:00:00,0,0,0,0,,,,0,0,,,,,,,,,,0,,0.0,,0,,,,0.0,32,32,32,,,
3531763f5f4b11e4925a6817294aebff,0,0,,0.0,0,,2. service provider sends an Information Required notification to inform external party that more information is required from them or their End User.,,0,,,,,2014-10-29T03:09:02,0,2014-10-29T03:09:02,1899-12-30T00:00:00,0,0,0,0,,,,0,0,,,,,,,,,,0,,0.0,,0,,,,0.0,32,32,32,,,
3714a1754cf811e1a996002564cb911c,0,0,,0.0,0,,Update Knowledge Management,,0,ccde4e2b57e011e1aa36002564cb911c,,,,2012-02-01T12:14:43,0,2012-02-15T09:27:36,1899-12-30T00:00:00,0,0,0,0,,,,0,0,,,,,,,,,,0,,0.0,,0,,,,0.0,,,,ADMIN,ADMIN,ADMIN
3948769f4d1711e1a996002564cb911c,0,0,,0.0,0,,Categorize & Prioritize Resource Trouble,,0,ccde4e2b57e011e1aa36002564cb911c,,,,2012-02-01T15:56:41,0,2012-02-15T12:28:37,1899-12-30T00:00:00,0,0,0,0,,,,0,0,,,,,,,,,,0,,0.0,,0,,,,0.0,,,,ADMIN,ADMIN,ADMIN
3c8cefdc5f4c11e4925a6817294aebff,0,0,,0.0,0,,2. service provider receives and validates the request. service provider retrieves previous BEF in ETIS ETEB01 XML formats and sends them to external party based on BEF ID requested.,,0,,,,,2014-10-29T03:16:18,0,2014-10-29T03:16:18,1899-12-30T00:00:00,0,0,0,0,,,,0,0,,,,,,,,,,0,,0.0,,0,,,,0.0,32,32,32,,,
3c8cefdd5f4c11e4925a6817294aebff,0,0,,0.0,0,,"If information provided by external party is invalid, for example: incorrect BEF ID, BAF ID or Billing Account ID, a failure or rejection response will be sent to external party.",,0,,,,,2014-10-29T03:16:24,0,2014-10-29T03:16:24,1899-12-30T00:00:00,0,0,0,0,,,,0,0,,,,,,,,,,0,,0.0,,0,,,,0.0,32,32,32,,,
3cebb9765f4b11e4925a6817294aebff,0,0,,0.0,0,,3. service provider stops the SLA and starts an activity timer to wait for the response from external party and sets the status to ?Pending?.,,0,,,,,2014-10-29T03:09:09,0,2014-10-29T03:09:09,1899-12-30T00:00:00,0,0,0,0,,,,0,0,,,,,,,,,,0,,0.0,,0,,,,0.0,32,32,32,,,
3cebb9775f4b11e4925a6817294aebff,0,0,,0.0,0,,4. external party investigates and gathers information requested by service provider.,,0,,,,,2014-10-29T03:09:15,0,2014-10-29T03:09:15,1899-12-30T00:00:00,0,0,0,0,,,,0,0,,,,,,,,,,0,,0.0,,0,,,,0.0,32,32,32,,,
3f8edc1c4cf811e1a996002564cb911c,0,0,,0.0,0,,Update Continuous Service Improvement,,0,ccde4e2b57e011e1aa36002564cb911c,,,,2012-02-01T12:14:55,0,2012-02-15T09:28:13,1899-12-30T00:00:00,0,0,0,0,,,,0,0,,,,,,,,,,0,,0.0,,0,,,,0.0,,,,ADMIN,ADMIN,ADMIN
42c78bf05f4d11e4925a6817294aebff,0,0,,0.0,0,,"Check if the given milestone / Trouble Ticket is within the Service Level. If no, progress to Step 3 of the main workflow, otherwise progress with trouble resolution.",,0,,,,,2014-10-29T03:23:38,0,2014-10-29T03:23:38,1899-12-30T00:00:00,0,0,0,0,,,,0,0,,,,,,,,,,0,,0.0,,0,,,,0.0,32,32,32,,,
42c78bf15f4d11e4925a6817294aebff,0,0,,0.0,0,,Receive notification and actions as required.,,0,,,,,2014-10-29T03:23:44,0,2014-10-29T03:23:44,1899-12-30T00:00:00,0,0,0,0,,,,0,0,,,,,,,,,,0,,0.0,,0,,,,0.0,32,32,32,,,
4a5eb6445f4d11e4925a6817294aebff,0,0,,0.0,0,,Send ?key status / milestone reached? updates to external party at defined events within a process.,,0,,,,,2014-10-29T03:23:50,0,2014-10-29T03:23:50,1899-12-30T00:00:00,0,0,0,0,,,,0,0,,,,,,,,,,0,,0.0,,0,,,,0.0,32,32,32,,,
4a5eb6455f4d11e4925a6817294aebff,0,0,,0.0,0,,Send a jeopardy notification to external party.,,0,,,,,2014-10-29T03:23:57,0,2014-10-29T03:23:57,1899-12-30T00:00:00,0,0,0,0,,,,0,0,,,,,,,,,,0,,0.0,,0,,,,0.0,32,32,32,,,
4baff9ba5f4c11e4925a6817294aebff,0,0,,0.0,0,,1. external party wishes to request a previous Billing Invoice by executing BIN-TP001 requestBillingInvoice.,,0,,,,,2014-10-29T03:16:43,0,2014-10-29T03:16:43,1899-12-30T00:00:00,0,0,0,0,,,,0,0,,,,,,,,,,0,,0.0,,0,,,,0.0,32,32,32,,,
4baff9bb5f4c11e4925a6817294aebff,0,0,,0.0,0,,2. service provider receives and validates the request. service provider retrieves previous Billing Invoice in both PDF and ETIS ETEB01 XML formats and sends them to external party.,,0,,,,,2014-10-29T03:16:50,0,2014-10-29T03:16:50,1899-12-30T00:00:00,0,0,0,0,,,,0,0,,,,,,,,,,0,,0.0,,0,,,,0.0,32,32,32,,,
5a7d0f834d1511e1a996002564cb911c,0,0,,0.0,0,,Determine Resolution Feasibility and Justification,,0,ccde4e2b57e011e1aa36002564cb911c,,,,2012-02-01T15:43:15,0,2012-02-15T12:28:39,1899-12-30T00:00:00,0,0,0,0,,,,0,0,,,,,,,,,,0,,0.0,,0,"Determine if the error should actually be resolved, considering the complexity and/or cost.",,,0.0,,,,ADMIN,ADMIN,ADMIN
5ab9aed95f4c11e4925a6817294aebff,0,0,,0.0,0,,1. external party requests Service impacting indicator by executing QS-TP004 requestServiceImpactingIndicator.,,0,,,,,2014-10-29T03:17:18,0,2014-10-29T03:17:18,1899-12-30T00:00:00,0,0,0,0,,,,0,0,,,,,,,,,,0,,0.0,,0,,,,0.0,32,32,32,,,
5e9242eb5f4b11e4925a6817294aebff,0,0,,0.0,0,,Identified the need for a Planned NBN Maintenance which may impact external party's. Planned NBN Maintenance has been scheduled and agreed upon.,,0,,,,,2014-10-29T03:10:14,0,2014-10-29T03:10:14,1899-12-30T00:00:00,0,0,0,0,,,,0,0,,,,,,,,,,0,,0.0,,0,,,,0.0,32,32,32,,,
5ea4d0724d1b11e1a996002564cb911c,0,0,,0.0,0,,Manage Event Throttling,,0,ccde4e2b57e011e1aa36002564cb911c,,,,2012-02-01T16:26:16,0,2012-02-15T12:28:41,1899-12-30T00:00:00,0,0,0,0,,,,0,0,,,,,,,,,,0,,0.0,,0,,,,0.0,,,,ADMIN,ADMIN,ADMIN
646bf8e15f4c11e4925a6817294aebff,0,0,,0.0,0,,2. service provider validates if the Service ID is valid and external party is 131uthorized to request.,,0,,,,,2014-10-29T03:17:25,0,2014-10-29T03:17:25,1899-12-30T00:00:00,0,0,0,0,,,,0,0,,,,,,,,,,0,,0.0,,0,,,,0.0,32,32,32,,,
646bf8e25f4c11e4925a6817294aebff,0,0,,0.0,0,,3. service provider gets service information and sends a response to external party.,,0,,,,,2014-10-29T03:17:31,0,2014-10-29T03:17:31,1899-12-30T00:00:00,0,0,0,0,,,,0,0,,,,,,,,,,0,,0.0,,0,,,,0.0,32,32,32,,,
675bd7395f4b11e4925a6817294aebff,0,0,,0.0,0,,"If service/s cannot be restored post completion, request Trouble Ticket creation from service provider.",,0,,,,,2014-10-29T03:10:20,0,2014-10-29T03:10:20,1899-12-30T00:00:00,0,0,0,0,,,,0,0,,,,,,,,,,0,,0.0,,0,,,,0.0,32,32,32,,,
675bd73a5f4b11e4925a6817294aebff,0,0,,0.0,0,,"Notify external party of any updates related to the Planned NBN Maintenance, for example: status updates (start/stop).",,0,,,,,2014-10-29T03:10:27,0,2014-10-29T03:10:27,1899-12-30T00:00:00,0,0,0,0,,,,0,0,,,,,,,,,,0,,0.0,,0,,,,0.0,32,32,32,,,
6a6f6ada4cff11e1a996002564cb911c,0,0,,0.0,0,,Generate Customer Problem Report,,0,ccde4e2b57e011e1aa36002564cb911c,,,,2012-02-01T13:06:09,0,2012-02-15T12:28:40,1899-12-30T00:00:00,0,0,0,0,,,,0,0,,,,,,,,,,0,,0.0,,0,,,,0.0,,,,ADMIN,ADMIN,ADMIN
6c4a184f5f4c11e4925a6817294aebff,0,0,,0.0,0,,"If the Service ID is invalid, service provider sends a failed response to external party.",,0,,,,,2014-10-29T03:17:38,0,2014-10-29T03:17:38,1899-12-30T00:00:00,0,0,0,0,,,,0,0,,,,,,,,,,0,,0.0,,0,,,,0.0,32,32,32,,,
6f2d25375f4b11e4925a6817294aebff,0,0,,0.0,0,,Receives notification and monitors progress and any consequent impact.,,0,,,,,2014-10-29T03:10:33,0,2014-10-29T03:10:33,1899-12-30T00:00:00,0,0,0,0,,,,0,0,,,,,,,,,,0,,0.0,,0,,,,0.0,32,32,32,,,
6f2d25385f4b11e4925a6817294aebff,0,0,,0.0,0,,Send notification of the Planned NBN Maintenance to all affected external party.,,0,,,,,2014-10-29T03:10:40,0,2014-10-29T03:10:40,1899-12-30T00:00:00,0,0,0,0,,,,0,0,,,,,,,,,,0,,0.0,,0,,,,0.0,32,32,32,,,
72545b445f4c11e4925a6817294aebff,0,0,,0.0,0,,1. external party requests service operational status by executing TE-TP006 requestServiceOperationalStatus.,,0,,,,,2014-10-29T03:17:57,0,2014-10-29T03:17:57,1899-12-30T00:00:00,0,0,0,0,,,,0,0,,,,,,,,,,0,,0.0,,0,,,,0.0,32,32,32,,,
725e2c574cff11e1a996002564cb911c,0,0,,0.0,0,,Obtain Configuration Information,,0,ccde4e2b57e011e1aa36002564cb911c,,,,2012-02-01T13:06:23,0,2012-02-15T12:28:41,1899-12-30T00:00:00,0,0,0,0,,,,0,0,,,,,,,,,,0,,0.0,,0,Determine which CIs are involved in the resource trouble.,,,0.0,,,,ADMIN,ADMIN,ADMIN
76f5e7955f4b11e4925a6817294aebff,0,0,,0.0,0,,"Upon completion, external party manages service restoration.",,0,,,,,2014-10-29T03:10:46,0,2014-10-29T03:10:46,1899-12-30T00:00:00,0,0,0,0,,,,0,0,,,,,,,,,,0,,0.0,,0,,,,0.0,32,32,32,,,
788853d24cff11e1a996002564cb911c,0,0,,0.0,0,,Categorize & Prioritize Customer Problem,,0,ccde4e2b57e011e1aa36002564cb911c,,,,2012-02-01T13:06:33,0,2012-02-15T12:28:37,1899-12-30T00:00:00,0,0,0,0,,,,0,0,,,,,,,,,,0,,0.0,,0,,,,0.0,,,,ADMIN,ADMIN,ADMIN
7bc3f6025f4c11e4925a6817294aebff,0,0,,0.0,0,,2. service provider validates if the Service ID is valid and external party is authorised to request.,,0,,,,,2014-10-29T03:18:04,0,2014-10-29T03:18:04,1899-12-30T00:00:00,0,0,0,0,,,,0,0,,,,,,,,,,0,,0.0,,0,,,,0.0,32,32,32,,,
7bc3f6035f4c11e4925a6817294aebff,0,0,,0.0,0,,3. service provider gets operational status and sends a response to external party.,,0,,,,,2014-10-29T03:18:10,0,2014-10-29T03:18:10,1899-12-30T00:00:00,0,0,0,0,,,,0,0,,,,,,,,,,0,,0.0,,0,,,,0.0,32,32,32,,,
7d53ed1757fa11e1aa36002564cb911c,0,0,,0.0,0,,Create Service Problem Restoration Plan,,0,ccde4e2b57e011e1aa36002564cb911c,,,,2012-02-15T12:28:39,0,2012-02-15T12:28:39,1899-12-30T00:00:00,0,0,0,0,,,,0,0,,,,,,,,,,0,,0.0,,0,"Create a resolution plan detailing the approach to be taken to resolve the incident, test to ensure that the resolution plan works, and document Incident Resolution Plan details on the Incident record.",,,0.0,,,,ADMIN,ADMIN,ADMIN
7d53ed3857fa11e1aa36002564cb911c,0,0,,0.0,0,,Monitor Restoration Update,,0,ccde4e2b57e011e1aa36002564cb911c,,,,2012-02-15T12:28:41,0,2012-02-15T12:28:41,1899-12-30T00:00:00,0,0,0,0,,,,0,0,,,,,,,,,,0,,0.0,,0,-2146826246,,,0.0,,,,ADMIN,ADMIN,ADMIN
7e64e53f4d1411e1a996002564cb911c,0,0,,0.0,0,,Update Time to Restore Resource,,0,ccde4e2b57e011e1aa36002564cb911c,,,,2012-02-01T15:37:02,0,2012-02-15T12:28:42,1899-12-30T00:00:00,0,0,0,0,,,,0,0,,,,,,,,,,0,,0.0,,0,,,,0.0,,,,ADMIN,ADMIN,ADMIN
891f655f5f4a11e4925a6817294aebff,0,0,,0.0,0,,All batch items have been assessed and completed. Consolidate results into a single response message including a summary of the total successful/unsuccessful count.,,0,,,,,2014-10-29T03:04:07,0,2014-10-29T03:04:07,1899-12-30T00:00:00,0,0,0,0,,,,0,0,,,,,,,,,,0,,0.0,,0,,,,0.0,32,32,32,,,
891f65605f4a11e4925a6817294aebff,0,0,,0.0,0,,Batch could not be progressed with and hence was rejected. Send a response with a rejection reason,,0,,,,,2014-10-29T03:04:14,0,2014-10-29T03:04:14,1899-12-30T00:00:00,0,0,0,0,,,,0,0,,,,,,,,,,0,,0.0,,0,,,,0.0,32,32,32,,,
8bae23595f4c11e4925a6817294aebff,0,0,,0.0,0,,1. external party requests a Test by executing TE-TP001 requestTest.,,0,,,,,2014-10-29T03:18:30,0,2014-10-29T03:18:30,1899-12-30T00:00:00,0,0,0,0,,,,0,0,,,,,,,,,,0,,0.0,,0,,,,0.0,32,32,32,,,
8bae235a5f4c11e4925a6817294aebff,0,0,,0.0,0,,3. service provider performs a test based on the requested Test Name and Type and sends the test results to external party upon completion.,,0,,,,,2014-10-29T03:18:38,0,2014-10-29T03:18:38,1899-12-30T00:00:00,0,0,0,0,,,,0,0,,,,,,,,,,0,,0.0,,0,,,,0.0,32,32,32,,,
8f9aaa414d1411e1a996002564cb911c,0,0,,0.0,0,,Communicate Res Improvement Opportunity,,0,ccde4e2b57e011e1aa36002564cb911c,,,,2012-02-01T15:37:31,0,2012-02-15T12:28:38,1899-12-30T00:00:00,0,0,0,0,,,,0,0,,,,,,,,,,0,,0.0,,0,,,,0.0,,,,ADMIN,ADMIN,ADMIN
90e960415f4a11e4925a6817294aebff,0,0,,0.0,0,,Batch file is uploaded and/or submitted for qualification request type location only.,,0,,,,,2014-10-29T03:04:20,0,2014-10-29T03:04:20,1899-12-30T00:00:00,0,0,0,0,,,,0,0,,,,,,,,,,0,,0.0,,0,,,,0.0,32,32,32,,,
90e960425f4a11e4925a6817294aebff,0,0,,0.0,0,,Batch request received and a notification will be sent to external party with Batch ID returned.,,0,,,,,2014-10-29T03:04:27,0,2014-10-29T03:04:27,1899-12-30T00:00:00,0,0,0,0,,,,0,0,,,,,,,,,,0,,0.0,,0,,,,0.0,32,32,32,,,
941b175f5f4c11e4925a6817294aebff,0,0,,0.0,0,,At Step 2,,0,,,,,2014-10-29T03:18:45,0,2014-10-29T03:18:45,1899-12-30T00:00:00,0,0,0,0,,,,0,0,,,,,,,,,,0,,0.0,,0,,,,0.0,32,32,32,,,
941b17605f4c11e4925a6817294aebff,0,0,,0.0,0,,"If the Service ID is valid and external party is authorized to request a particular Test Name (i.e. MLT, Ethernet Loopback, etc) and Type (i.e. Service Impacting, Non-Service Impacting, etc), refer to step 3.",,0,,,,,2014-10-29T03:18:51,0,2014-10-29T03:18:51,1899-12-30T00:00:00,0,0,0,0,,,,0,0,,,,,,,,,,0,,0.0,,0,,,,0.0,32,32,32,,,
98ab44b55f4a11e4925a6817294aebff,0,0,,0.0,0,,Batch response received.,,0,,,,,2014-10-29T03:04:33,0,2014-10-29T03:04:33,1899-12-30T00:00:00,0,0,0,0,,,,0,0,,,,,,,,,,0,,0.0,,0,,,,0.0,32,32,32,,,
98ab44b65f4a11e4925a6817294aebff,0,0,,0.0,0,,"Check if the batch is completed. If yes, progress to Step 7 of the main workflow, otherwise go to Step 5 of the main workflow.",,0,,,,,2014-10-29T03:04:40,0,2014-10-29T03:04:40,1899-12-30T00:00:00,0,0,0,0,,,,0,0,,,,,,,,,,0,,0.0,,0,,,,0.0,32,32,32,,,
98b7afe84d0f11e1a996002564cb911c,0,0,,0.0,0,,Analyze Request for Information,,0,ccde4e2b57e011e1aa36002564cb911c,,,,2012-02-01T15:01:59,0,2012-02-15T12:28:37,1899-12-30T00:00:00,0,0,0,0,,,,0,0,,,,,,,,,,0,,0.0,,0,Review the request to examine the report requirements. Determine if this report exists and can be generated or if it needs to be built before it can be generated.,,,0.0,,,,ADMIN,ADMIN,ADMIN
9ab6d54e4df311e1a996002564cb911c,0,0,,0.0,0,,Detect & Log Service Problem,,0,ccde4e2b57e011e1aa36002564cb911c,,,,2012-02-02T18:14:08,0,2012-02-15T12:28:39,1899-12-30T00:00:00,0,0,0,0,,Event Detected,,0,0,,,,,,,,,,0,Event Mgt,0.0,,0,"Detect and collect the Service problem alarm event notifications, and log.",,,0.0,,,,ADMIN,ADMIN,ADMIN
9b0ece744d0e11e1a996002564cb911c,0,0,,0.0,0,,Identify Root Cause / Check for Workarounds,,0,ccde4e2b57e011e1aa36002564cb911c,,,,2012-02-01T14:54:53,0,2012-02-15T12:28:40,1899-12-30T00:00:00,0,0,0,0,,,,0,0,,,,,,,,,,0,,0.0,,0,Search available knowledge bases for an existing workaround.  Determine if a workaround for the problem can be found or requires a workaround to be created.,,,0.0,,,,ADMIN,ADMIN,ADMIN
9c1ee7ca5f4c11e4925a6817294aebff,0,0,,0.0,0,,"If the Service ID or Test Name and Type are invalid, service provider sends a failed response to external party.",,0,,,,,2014-10-29T03:18:58,0,2014-10-29T03:18:58,1899-12-30T00:00:00,0,0,0,0,,,,0,0,,,,,,,,,,0,,0.0,,0,,,,0.0,32,32,32,,,
a01c969657e011e1aa36002564cb911c,0,0,,0.0,0,,Complete and Validate Service Problem Report,,0,ccde4e2b57e011e1aa36002564cb911c,,,,2012-02-15T09:23:28,0,2012-02-15T12:28:38,1899-12-30T00:00:00,0,0,0,0,,,,0,0,,,,,,,,,,0,,0.0,,0,"Fill in any missing information needed for closing the Service problem report., including determining whether there seems to be an unresolved, underlying problem that could cause similar incidents and that needs further investigation and preventative action.",,,0.0,,,,ADMIN,ADMIN,ADMIN
a0649d895f4a11e4925a6817294aebff,0,0,,0.0,0,,Decompose the batch content into individual qualification line items.,,0,,,,,2014-10-29T03:04:46,0,2014-10-29T03:04:46,1899-12-30T00:00:00,0,0,0,0,,,,0,0,,,,,,,,,,0,,0.0,,0,,,,0.0,32,32,32,,,
a0649d8a5f4a11e4925a6817294aebff,0,0,,0.0,0,,"Determine if batch is okay to progress. If yes, progress to Step 4 of the main workflow, otherwise refer to the alternative workflow.",,0,,,,,2014-10-29T03:04:53,0,2014-10-29T03:04:53,1899-12-30T00:00:00,0,0,0,0,,,,0,0,,,,,,,,,,0,,0.0,,0,,,,0.0,32,32,32,,,
a2a5fdb35f4c11e4925a6817294aebff,0,0,,0.0,0,,external party has reached the maximum reschedule attempts permitted  ? send rejection/ error response,,0,,,,,2014-10-29T03:19:18,0,2014-10-29T03:19:18,1899-12-30T00:00:00,0,0,0,0,,,,0,0,,,,,,,,,,0,,0.0,,0,,,,0.0,32,32,32,,,
a41355115f4b11e4925a6817294aebff,0,0,,0.0,0,,external party wishes to know a list of historical Billing Invoices corresponding to the query parameters.,,0,,,,,2014-10-29T03:12:02,0,2014-10-29T03:12:02,1899-12-30T00:00:00,0,0,0,0,,,,0,0,,,,,,,,,,0,,0.0,,0,,,,0.0,32,32,32,,,
a8317ea75f4a11e4925a6817294aebff,0,0,,0.0,0,,Determine the qualification of each line item.,,0,,,,,2014-10-29T03:04:59,0,2014-10-29T03:04:59,1899-12-30T00:00:00,0,0,0,0,,,,0,0,,,,,,,,,,0,,0.0,,0,,,,0.0,32,32,32,,,
a8317ea85f4a11e4925a6817294aebff,0,0,,0.0,0,,Send completed batch response containing results.,,0,,,,,2014-10-29T03:05:06,0,2014-10-29T03:05:06,1899-12-30T00:00:00,0,0,0,0,,,,0,0,,,,,,,,,,0,,0.0,,0,,,,0.0,32,32,32,,,
abab63625f4c11e4925a6817294aebff,0,0,,0.0,0,,"Check if PoNR has not been reached for the appointment required to be rescheduled and not exceeded maximum reschedule attempts permitted. If not, progress to Step 4 of the main workflow; otherwise refer to the alternate workflow.",,0,,,,,2014-10-29T03:19:24,0,2014-10-29T03:19:24,1899-12-30T00:00:00,0,0,0,0,,,,0,0,,,,,,,,,,0,,0.0,,0,,,,0.0,32,32,32,,,
abab63635f4c11e4925a6817294aebff,0,0,,0.0,0,,Invalid appointment ID or reference is provided ? send rejection / error response.,,0,,,,,2014-10-29T03:19:30,0,2014-10-29T03:19:30,1899-12-30T00:00:00,0,0,0,0,,,,0,0,,,,,,,,,,0,,0.0,,0,,,,0.0,32,32,32,,,
b2d217015f4c11e4925a6817294aebff,0,0,,0.0,0,,"service provider determines that appointment is required to be rescheduled, external party will receive the Appointment status notification containing reason",,0,,,,,2014-10-29T03:19:36,0,2014-10-29T03:19:36,1899-12-30T00:00:00,0,0,0,0,,,,0,0,,,,,,,,,,0,,0.0,,0,,,,0.0,32,32,32,,,
b2d217025f4c11e4925a6817294aebff,0,0,,0.0,0,,service provider will send Keep Customer Informed (KCI) notifications for any appointment updates.,,0,,,,,2014-10-29T03:19:42,0,2014-10-29T03:19:42,1899-12-30T00:00:00,0,0,0,0,,,,0,0,,,,,,,,,,0,,0.0,,0,,,,0.0,32,32,32,,,
b627f38d4d1011e1a996002564cb911c,0,0,,0.0,0,,Perform Initial Diagnosis,,0,ccde4e2b57e011e1aa36002564cb911c,,,,2012-02-01T15:10:02,0,2012-02-15T12:28:42,1899-12-30T00:00:00,0,0,0,0,,,,0,0,,,,,,,,,,0,,0.0,,0,"Initiates first-in testing using automated remote testing capabilities, and adds additional information to an open Service problem report based on the first-in testing.",,,0.0,,,,ADMIN,ADMIN,ADMIN
b86e766f4d0e11e1a996002564cb911c,0,0,,0.0,0,,Escalate to Support Team,,0,ccde4e2b57e011e1aa36002564cb911c,,,,2012-02-01T14:55:43,0,2012-02-15T12:28:40,1899-12-30T00:00:00,0,0,0,0,,,,0,0,,,,,,,,,,0,,0.0,,0,Escalate to third Level Support,,,0.0,,,,ADMIN,ADMIN,ADMIN
b93305864ddd11e1a996002564cb911c,0,0,,0.0,0,,Create Service Problem Resolution Plan,,0,ccde4e2b57e011e1aa36002564cb911c,,,,2012-02-02T15:37:30,0,2012-02-15T12:28:39,1899-12-30T00:00:00,0,0,0,0,,,,0,0,,,,,,,,,,0,,0.0,,0,,,,0.0,,,,ADMIN,ADMIN,ADMIN
b9cf9d8c5f4b11e4925a6817294aebff,0,0,,0.0,0,,service provider,,0,,,,,2014-10-29T03:12:47,0,2014-10-29T03:12:47,1899-12-30T00:00:00,0,0,0,0,,,,0,0,,,,,,,,,,0,,0.0,,0,,,,0.0,32,32,32,,,
b9f7921a5f4c11e4925a6817294aebff,0,0,,0.0,0,,PoNR has been reached for the appointment and it cannot be rescheduled ? send rejection / error response and include reason.,,0,,,,,2014-10-29T03:19:48,0,2014-10-29T03:19:48,1899-12-30T00:00:00,0,0,0,0,,,,0,0,,,,,,,,,,0,,0.0,,0,,,,0.0,32,32,32,,,
b9f7921b5f4c11e4925a6817294aebff,0,0,,0.0,0,,Receive response.,,0,,,,,2014-10-29T03:19:54,0,2014-10-29T03:19:54,1899-12-30T00:00:00,0,0,0,0,,,,0,0,,,,,,,,,,0,,0.0,,0,,,,0.0,32,32,32,,,
ba66c75d8fa811e2a792002590713bc0,0,0,,0.0,0,,A process we have never thought of,,0,,,,,2013-03-18T02:49:24,0,2013-03-18T02:49:24,1899-12-30T00:00:00,0,0,0,0,,,,0,0,,,,,,,,,,0,,0.0,,0,,,,0.0,6,6,6,,,
bd69e0f371cc11e5bf18002590713bc0,0,0,,0.0,0,,Track & Manage Customer Order Handling,,0,,,,,2015-10-13T11:06:28,0,2015-10-13T11:06:28,1899-12-30T00:00:00,0,0,0,0,,,,0,0,,,,,,,,,,0,,0.0,,0,,,,0.0,32,32,32,,,
bd69e0f671cc11e5bf18002590713bc0,0,0,,0.0,0,,Manage Customer Order,,0,,,,,2015-10-13T11:06:28,0,2015-10-13T11:06:28,1899-12-30T00:00:00,0,0,0,0,,,,0,0,,,,,,,,,,0,,0.0,,0,,,,0.0,32,32,32,,,
bd69e0f971cc11e5bf18002590713bc0,0,0,,0.0,0,,Track Customer Order,,0,,,,,2015-10-13T11:06:28,0,2015-10-13T11:06:28,1899-12-30T00:00:00,0,0,0,0,,,,0,0,,,,,,,,,,0,,0.0,,0,,,,0.0,32,32,32,,,
bd69e0fc71cc11e5bf18002590713bc0,0,0,,0.0,0,,Update Order Repository,,0,,,,,2015-10-13T11:06:28,0,2015-10-13T11:06:28,1899-12-30T00:00:00,0,0,0,0,,,,0,0,,,,,,,,,,0,,0.0,,0,,,,0.0,32,32,32,,,
bd69e0ff71cc11e5bf18002590713bc0,0,0,,0.0,0,,Complete Customer Order,,0,,,,,2015-10-13T11:06:29,0,2015-10-13T11:06:29,1899-12-30T00:00:00,0,0,0,0,,,,0,0,,,,,,,,,,0,,0.0,,0,,,,0.0,32,32,32,,,
bd69e10271cc11e5bf18002590713bc0,0,0,,0.0,0,,Issue Customer Orders,,0,,,,,2015-10-13T11:06:29,0,2015-10-13T11:06:29,1899-12-30T00:00:00,0,0,0,0,,,,0,0,,,,,,,,,,0,,0.0,,0,,,,0.0,32,32,32,,,
bd69e10571cc11e5bf18002590713bc0,0,0,,0.0,0,,Assess Customer Order,,0,,,,,2015-10-13T11:06:29,0,2015-10-13T11:06:29,1899-12-30T00:00:00,0,0,0,0,,,,0,0,,,,,,,,,,0,,0.0,,0,,,,0.0,32,32,32,,,
bd69e10871cc11e5bf18002590713bc0,0,0,,0.0,0,,Issue Customer Order,,0,,,,,2015-10-13T11:06:29,0,2015-10-13T11:06:29,1899-12-30T00:00:00,0,0,0,0,,,,0,0,,,,,,,,,,0,,0.0,,0,,,,0.0,32,32,32,,,
bd69e10b71cc11e5bf18002590713bc0,0,0,,0.0,0,,Report Customer Order Handling,,0,,,,,2015-10-13T11:06:29,0,2015-10-13T11:06:29,1899-12-30T00:00:00,0,0,0,0,,,,0,0,,,,,,,,,,0,,0.0,,0,,,,0.0,32,32,32,,,
bd69e10e71cc11e5bf18002590713bc0,0,0,,0.0,0,,Monitor Customer Order Status,,0,,,,,2015-10-13T11:06:29,0,2015-10-13T11:06:29,1899-12-30T00:00:00,0,0,0,0,,,,0,0,,,,,,,,,,0,,0.0,,0,,,,0.0,32,32,32,,,
bd69e11171cc11e5bf18002590713bc0,0,0,,0.0,0,,Manage Customer Order Status Notification,,0,,,,,2015-10-13T11:06:29,0,2015-10-13T11:06:29,1899-12-30T00:00:00,0,0,0,0,,,,0,0,,,,,,,,,,0,,0.0,,0,,,,0.0,32,32,32,,,
bd69e11471cc11e5bf18002590713bc0,0,0,,0.0,0,,Report Customer Order Status,,0,,,,,2015-10-13T11:06:29,0,2015-10-13T11:06:29,1899-12-30T00:00:00,0,0,0,0,,,,0,0,,,,,,,,,,0,,0.0,,0,,,,0.0,32,32,32,,,
bd69e11771cc11e5bf18002590713bc0,0,0,,0.0,0,,Close Customer Order,,0,,,,,2015-10-13T11:06:29,0,2015-10-13T11:06:29,1899-12-30T00:00:00,0,0,0,0,,,,0,0,,,,,,,,,,0,,0.0,,0,,,,0.0,32,32,32,,,
bd69e11a71cc11e5bf18002590713bc0,0,0,,0.0,0,,Identify Contact [DELETED],,0,,,,,2015-10-13T11:06:30,0,2015-10-13T11:06:30,1899-12-30T00:00:00,0,0,0,0,,,,0,0,,,,,,,,,,0,,0.0,,0,,,,0.0,32,32,32,,,
bd69e11d71cc11e5bf18002590713bc0,0,0,,0.0,0,,Manage Request (Including Self Service),,0,,,,,2015-10-13T11:06:30,0,2015-10-13T11:06:30,1899-12-30T00:00:00,0,0,0,0,,,,0,0,,,,,,,,,,0,,0.0,,0,,,,0.0,32,32,32,,,
bd69e12071cc11e5bf18002590713bc0,0,0,,0.0,0,,Handle Request,,0,,,,,2015-10-13T11:06:30,0,2015-10-13T11:06:30,1899-12-30T00:00:00,0,0,0,0,,,,0,0,,,,,,,,,,0,,0.0,,0,,,,0.0,32,32,32,,,
bd69e12371cc11e5bf18002590713bc0,0,0,,0.0,0,,Provide Request Status,,0,,,,,2015-10-13T11:06:30,0,2015-10-13T11:06:30,1899-12-30T00:00:00,0,0,0,0,,,,0,0,,,,,,,,,,0,,0.0,,0,,,,0.0,32,32,32,,,
bd69e12671cc11e5bf18002590713bc0,0,0,,0.0,0,,Close Request,,0,,,,,2015-10-13T11:06:30,0,2015-10-13T11:06:30,1899-12-30T00:00:00,0,0,0,0,,,,0,0,,,,,,,,,,0,,0.0,,0,,,,0.0,32,32,32,,,
bd69e12971cc11e5bf18002590713bc0,0,0,,0.0,0,,Analyze & Report on Customer,,0,,,,,2015-10-13T11:06:30,0,2015-10-13T11:06:30,1899-12-30T00:00:00,0,0,0,0,,,,0,0,,,,,,,,,,0,,0.0,,0,,,,0.0,32,32,32,,,
bd69e12c71cc11e5bf18002590713bc0,0,0,,0.0,0,,Analyze Customer Requests & Contacts,,0,,,,,2015-10-13T11:06:30,0,2015-10-13T11:06:30,1899-12-30T00:00:00,0,0,0,0,,,,0,0,,,,,,,,,,0,,0.0,,0,,,,0.0,32,32,32,,,
bd69e12f71cc11e5bf18002590713bc0,0,0,,0.0,0,,Report Customer Requests & Contacts,,0,,,,,2015-10-13T11:06:31,0,2015-10-13T11:06:31,1899-12-30T00:00:00,0,0,0,0,,,,0,0,,,,,,,,,,0,,0.0,,0,,,,0.0,32,32,32,,,
bd69e13271cc11e5bf18002590713bc0,0,0,,0.0,0,,Mediate & Orchestrate Customer Interactions,,0,,,,,2015-10-13T11:06:31,0,2015-10-13T11:06:31,1899-12-30T00:00:00,0,0,0,0,,,,0,0,,,,,,,,,,0,,0.0,,0,,,,0.0,32,32,32,,,
bd69e13571cc11e5bf18002590713bc0,0,0,,0.0,0,,Identify Customer Interactions Data Formats,,0,,,,,2015-10-13T11:06:31,0,2015-10-13T11:06:31,1899-12-30T00:00:00,0,0,0,0,,,,0,0,,,,,,,,,,0,,0.0,,0,,,,0.0,32,32,32,,,
bd69e13871cc11e5bf18002590713bc0,0,0,,0.0,0,,Orchestrate Customer Interactions,,0,,,,,2015-10-13T11:06:31,0,2015-10-13T11:06:31,1899-12-30T00:00:00,0,0,0,0,,,,0,0,,,,,,,,,,0,,0.0,,0,,,,0.0,32,32,32,,,
bd69e13b71cc11e5bf18002590713bc0,0,0,,0.0,0,,Mediate Customer Interactions,,0,,,,,2015-10-13T11:06:31,0,2015-10-13T11:06:31,1899-12-30T00:00:00,0,0,0,0,,,,0,0,,,,,,,,,,0,,0.0,,0,,,,0.0,32,32,32,,,
bd69e13e71cc11e5bf18002590713bc0,0,0,,0.0,0,,Analyze Service Classes,,0,,,,,2015-10-13T11:06:31,0,2015-10-13T11:06:31,1899-12-30T00:00:00,0,0,0,0,,,,0,0,,,,,,,,,,0,,0.0,,0,,,,0.0,32,32,32,,,
bd69e14171cc11e5bf18002590713bc0,0,0,,0.0,0,,Develop Service Classes,,0,,,,,2015-10-13T11:06:31,0,2015-10-13T11:06:31,1899-12-30T00:00:00,0,0,0,0,,,,0,0,,,,,,,,,,0,,0.0,,0,,,,0.0,32,32,32,,,
bd69e14471cc11e5bf18002590713bc0,0,0,,0.0,0,,Analyze Resource Classes,,0,,,,,2015-10-13T11:06:31,0,2015-10-13T11:06:31,1899-12-30T00:00:00,0,0,0,0,,,,0,0,,,,,,,,,,0,,0.0,,0,,,,0.0,32,32,32,,,
bd69e14771cc11e5bf18002590713bc0,0,0,,0.0,0,,Develop Resource Classes,,0,,,,,2015-10-13T11:06:31,0,2015-10-13T11:06:31,1899-12-30T00:00:00,0,0,0,0,,,,0,0,,,,,,,,,,0,,0.0,,0,,,,0.0,32,32,32,,,
c11ff36f5f4c11e4925a6817294aebff,0,0,,0.0,0,,Request to change the appointment time slot; a reschedule request is submitted.,,0,,,,,2014-10-29T03:20:00,0,2014-10-29T03:20:00,1899-12-30T00:00:00,0,0,0,0,,,,0,0,,,,,,,,,,0,,0.0,,0,,,,0.0,32,32,32,,,
c11ff3705f4c11e4925a6817294aebff,0,0,,0.0,0,,Update the appointment with new time slot and send a confirmation response.,,0,,,,,2014-10-29T03:20:06,0,2014-10-29T03:20:06,1899-12-30T00:00:00,0,0,0,0,,,,0,0,,,,,,,,,,0,,0.0,,0,,,,0.0,32,32,32,,,
c13fd30d4d0e11e1a996002564cb911c,0,0,,0.0,0,,Obtain Permanent Fix or Workarounds,,0,ccde4e2b57e011e1aa36002564cb911c,,,,2012-02-01T14:55:57,0,2012-02-15T12:28:41,1899-12-30T00:00:00,0,0,0,0,,,,0,0,,,,,,,,,,0,,0.0,,0,-2146826246,,,0.0,,,,ADMIN,ADMIN,ADMIN
c845bcaa5f4c11e4925a6817294aebff,0,0,,0.0,0,,Update the associated order or Trouble Ticket that appointment has been rescheduled to different date/ time,,0,,,,,2014-10-29T03:20:12,0,2014-10-29T03:20:12,1899-12-30T00:00:00,0,0,0,0,,,,0,0,,,,,,,,,,0,,0.0,,0,,,,0.0,32,32,32,,,
c845bcab5f4c11e4925a6817294aebff,0,0,,0.0,0,,"Validate the external party request. If valid, progress to Step 3 of the main workflow; otherwise refer to the alternate workflow.",,0,,,,,2014-10-29T03:20:18,0,2014-10-29T03:20:18,1899-12-30T00:00:00,0,0,0,0,,,,0,0,,,,,,,,,,0,,0.0,,0,,,,0.0,32,32,32,,,
c883b75a5f4b11e4925a6817294aebff,0,0,,0.0,0,,1. external party'submits a Billing Enquiry or Billing Dispute by executing BT-TP001 submitBillingTicketCreate.,,0,,,,,2014-10-29T03:13:09,0,2014-10-29T03:13:09,1899-12-30T00:00:00,0,0,0,0,,,,0,0,,,,,,,,,,0,,0.0,,0,,,,0.0,32,32,32,,,
c96b7ffe954411e2a792002590713bc0,0,0,,0.0,0,,"“All material contained within this tooling environment is under the license mode of RAND, no material containing IPR should be submitted via this tool without first supplying written notification to the TM Forum via an IPR declaration form.”",,0,,,,,2013-03-25T06:09:07,0,2013-03-25T06:09:07,1899-12-30T00:00:00,0,0,0,0,,,,0,0,,,,,,,,,,0,,0.0,,0,,,,0.0,6,6,6,,,
ccb7da415f4a11e4925a6817294aebff,0,0,,0.0,0,,1. external party'submits a request to convert an existing Billing Enquiry Trouble Ticket to a Billing Dispute by executing BT-TP006 requestBillingTicketAmend.,,0,,,,,2014-10-29T03:06:09,0,2014-10-29T03:06:09,1899-12-30T00:00:00,0,0,0,0,,,,0,0,,,,,,,,,,0,,0.0,,0,,,,0.0,32,32,32,,,
cf6ee1515f4c11e4925a6817294aebff,0,0,,0.0,0,,"Where the slot characteristics do not match the required appointment details e.g. slot is available but does not match the original demand type, location, connection type etc., send rejection/ error response and include reason",,0,,,,,2014-10-29T03:20:24,0,2014-10-29T03:20:24,1899-12-30T00:00:00,0,0,0,0,,,,0,0,,,,,,,,,,0,,0.0,,0,,,,0.0,32,32,32,,,
cfcb39e15f4b11e4925a6817294aebff,0,0,,0.0,0,,2. service provider validates the request and sends a notification advise external party the Trouble Ticket has been lodged.,,0,,,,,2014-10-29T03:13:15,0,2014-10-29T03:13:15,1899-12-30T00:00:00,0,0,0,0,,,,0,0,,,,,,,,,,0,,0.0,,0,,,,0.0,32,32,32,,,
cfcb39e25f4b11e4925a6817294aebff,0,0,,0.0,0,,3. service provider evaluates and confirms acceptance of the Ticket.,,0,,,,,2014-10-29T03:13:22,0,2014-10-29T03:13:22,1899-12-30T00:00:00,0,0,0,0,,,,0,0,,,,,,,,,,0,,0.0,,0,,,,0.0,32,32,32,,,
d4e2c1c74cfe11e1a996002564cb911c,0,0,,0.0,0,,Implement Customer Problem Workaround,,0,ccde4e2b57e011e1aa36002564cb911c,,,,2012-02-01T13:02:08,0,2012-02-15T12:28:40,1899-12-30T00:00:00,0,0,0,0,,,,0,0,,,,,,,,,,0,,0.0,,0,,,,0.0,,,,ADMIN,ADMIN,ADMIN
d5086c3b5f4a11e4925a6817294aebff,0,0,,0.0,0,,2. service provider validates the request:,,0,,,,,2014-10-29T03:06:15,0,2014-10-29T03:06:15,1899-12-30T00:00:00,0,0,0,0,,,,0,0,,,,,,,,,,0,,0.0,,0,,,,0.0,32,32,32,,,
d5086c3c5f4a11e4925a6817294aebff,0,0,,0.0,0,,"If the Ticket ID is invalid, service provider sends a reject response with a reason code.",,0,,,,,2014-10-29T03:06:21,0,2014-10-29T03:06:21,1899-12-30T00:00:00,0,0,0,0,,,,0,0,,,,,,,,,,0,,0.0,,0,,,,0.0,32,32,32,,,
d77e781e5f4b11e4925a6817294aebff,0,0,,0.0,0,,4. service provider investigates and resolves the Ticket.,,0,,,,,2014-10-29T03:13:28,0,2014-10-29T03:13:28,1899-12-30T00:00:00,0,0,0,0,,,,0,0,,,,,,,,,,0,,0.0,,0,,,,0.0,32,32,32,,,
d77e781f5f4b11e4925a6817294aebff,0,0,,0.0,0,,"5. Upon resolution of the billing Trouble Ticket, external party is sent a closed notification containing the resolution result",,0,,,,,2014-10-29T03:13:35,0,2014-10-29T03:13:35,1899-12-30T00:00:00,0,0,0,0,,,,0,0,,,,,,,,,,0,,0.0,,0,,,,0.0,32,32,32,,,
d89d47f0f54011e2a792002590713bc0,0,0,,0.0,0,,Incident closure,,0,8d561b68455a11e3bed5bc5a4d68c07b,,,,2013-07-25T09:42:47,0,2013-11-04T08:10:19,1899-12-30T00:00:00,0,0,0,0,,,,0,0,,,,,,,,,,0,,0.0,,0,,,,0.0,6,6,6,,,
d89d47f1f54011e2a792002590713bc0,0,0,,0.0,0,,Resolution and recovery,,0,8d561b68455a11e3bed5bc5a4d68c07b,,,,2013-07-25T09:42:47,0,2013-11-04T08:10:32,1899-12-30T00:00:00,0,0,0,0,,,,0,0,,,,,,,,,,0,,0.0,,0,,,,0.0,6,6,6,,,
d89d47f2f54011e2a792002590713bc0,0,0,,0.0,0,,Investigation and diagnosis,,0,8d561b68455a11e3bed5bc5a4d68c07b,,,,2013-07-25T09:42:47,0,2013-11-04T08:10:45,1899-12-30T00:00:00,0,0,0,0,,,,0,0,,,,,,,,,,0,,0.0,,0,,,,0.0,6,6,6,,,
d89d47f3f54011e2a792002590713bc0,0,0,,0.0,0,,Management esculation,,0,8d561b68455a11e3bed5bc5a4d68c07b,,,,2013-07-25T09:42:47,0,2013-11-04T08:11:08,1899-12-30T00:00:00,0,0,0,0,,,,0,0,,,,,,,,,,0,,0.0,,0,,,,0.0,6,6,6,,,
d89d47f4f54011e2a792002590713bc0,0,0,,0.0,0,,Functional esculation,,0,8d561b68455a11e3bed5bc5a4d68c07b,,,,2013-07-25T09:42:47,0,2013-11-04T08:11:25,1899-12-30T00:00:00,0,0,0,0,,,,0,0,,,,,,,,,,0,,0.0,,0,,,,0.0,6,6,6,,,
d89d47f5f54011e2a792002590713bc0,0,0,,0.0,0,,Initial diagnosis,,0,8d561b68455a11e3bed5bc5a4d68c07b,,,,2013-07-25T09:42:47,0,2013-11-04T08:31:44,1899-12-30T00:00:00,0,0,0,0,,,,0,0,,,,,,,,,,0,,0.0,,0,,,,0.0,6,6,6,,,
d89d47f6f54011e2a792002590713bc0,0,0,,0.0,0,,Major incident procedure,,0,8d561b68455a11e3bed5bc5a4d68c07b,,,,2013-07-25T09:42:47,0,2013-11-04T08:31:59,1899-12-30T00:00:00,0,0,0,0,,,,0,0,,,,,,,,,,0,,0.0,,0,,,,0.0,6,6,6,,,
d89d47f7f54011e2a792002590713bc0,0,0,,0.0,0,,Incident prioritization,,0,8d561b68455a11e3bed5bc5a4d68c07b,,,,2013-07-25T09:42:47,0,2013-11-04T08:30:55,1899-12-30T00:00:00,0,0,0,0,,,,0,0,,,,,,,,,,0,,0.0,,0,,,,0.0,6,6,6,,,
d89d47f8f54011e2a792002590713bc0,0,0,,0.0,0,,Incident categorization,,0,8d561b68455a11e3bed5bc5a4d68c07b,,,,2013-07-25T09:42:47,0,2013-11-04T08:31:10,1899-12-30T00:00:00,0,0,0,0,,,,0,0,,,,,,,,,,0,,0.0,,0,,,,0.0,6,6,6,,,
d89d47f9f54011e2a792002590713bc0,0,0,,0.0,0,,Incident logging,,0,8d561b68455a11e3bed5bc5a4d68c07b,,,,2013-07-25T09:42:47,0,2013-11-04T08:08:44,1899-12-30T00:00:00,0,0,0,0,,,,0,0,,,,,,,,,,0,,0.0,,0,,,,0.0,6,6,6,,,
d89d47faf54011e2a792002590713bc0,0,0,,0.0,0,,To request fulfilment or service portfolio management,,0,8d561b68455a11e3bed5bc5a4d68c07b,,,,2013-07-25T09:42:47,0,2013-11-04T08:09:02,1899-12-30T00:00:00,0,0,0,0,,,,0,0,,,,,,,,,,0,,0.0,,0,,,,0.0,6,6,6,,,
d89d47fbf54011e2a792002590713bc0,0,0,,0.0,0,,Incident Identification,,0,8d561b68455a11e3bed5bc5a4d68c07b,,,,2013-07-25T09:42:47,0,2013-11-04T08:08:26,1899-12-30T00:00:00,0,0,0,0,,,,0,0,,,,,,,,,,0,,0.0,,0,,,,0.0,6,6,6,,,
db22667457e011e1aa36002564cb911c,0,0,,0.0,0,,Update Time for Restoring Service,,0,ccde4e2b57e011e1aa36002564cb911c,,,,2012-02-15T09:25:07,0,2012-02-15T12:28:42,1899-12-30T00:00:00,0,0,0,0,,Closure,,0,0,,,,,,,,,,0,IM,0.0,,0,Update the time to restore service which is included in the raised Service problem report for use by other processes,,,0.0,,,,ADMIN,ADMIN,ADMIN
db22667557e011e1aa36002564cb911c,0,0,,0.0,0,,Close Service Problem Report,,0,ccde4e2b57e011e1aa36002564cb911c,,,,2012-02-15T09:25:15,0,2012-02-15T09:25:15,1899-12-30T00:00:00,0,0,0,0,,,,0,0,,,,,,,,,,0,,0.0,,0,,,,0.0,,,,ADMIN,ADMIN,ADMIN
db919b144d1911e1a996002564cb911c,0,0,,0.0,0,,Create Resource Trouble Resolution Plan,,0,ccde4e2b57e011e1aa36002564cb911c,,,,2012-02-01T16:15:26,0,2012-02-15T12:28:39,1899-12-30T00:00:00,0,0,0,0,,,,0,0,,,,,,,,,,0,,0.0,,0,,,,0.0,,,,ADMIN,ADMIN,ADMIN
dc2d4b125f4a11e4925a6817294aebff,0,0,,0.0,0,,"If the Ticket ID is valid, service provider updates the Ticket to a Billing Dispute.",,0,,,,,2014-10-29T03:06:27,0,2014-10-29T03:06:27,1899-12-30T00:00:00,0,0,0,0,,,,0,0,,,,,,,,,,0,,0.0,,0,,,,0.0,32,32,32,,,
df50fea15f4b11e4925a6817294aebff,0,0,,0.0,0,,"If the Trouble Ticket raised is invalid, service provider sends a reject notification with a reason code.",,0,,,,,2014-10-29T03:13:41,0,2014-10-29T03:13:41,1899-12-30T00:00:00,0,0,0,0,,,,0,0,,,,,,,,,,0,,0.0,,0,,,,0.0,32,32,32,,,
df50fea25f4b11e4925a6817294aebff,0,0,,0.0,0,,"If the Ticket raised is not billing-related, service provider sends a notification advising of Ticket rejection with reason code/s.",,0,,,,,2014-10-29T03:13:48,0,2014-10-29T03:13:48,1899-12-30T00:00:00,0,0,0,0,,,,0,0,,,,,,,,,,0,,0.0,,0,,,,0.0,32,32,32,,,
e0a801c35f4c11e4925a6817294aebff,0,0,,0.0,0,,A valid / unique location is specified as part of the request but is not serviceable ? send a response containing qualification result details and any appointment requirements.,,0,,,,,2014-10-29T03:21:01,0,2014-10-29T03:21:01,1899-12-30T00:00:00,0,0,0,0,,,,0,0,,,,,,,,,,0,,0.0,,0,,,,0.0,32,32,32,,,
e3d719d64cfe11e1a996002564cb911c,0,0,,0.0,0,,Initiate Change Request,,0,ccde4e2b57e011e1aa36002564cb911c,,,,2012-02-01T13:02:28,0,2012-02-15T12:28:41,1899-12-30T00:00:00,0,0,0,0,,,,0,0,,,,,,,,,,0,,0.0,,0,,,,0.0,,,,ADMIN,ADMIN,ADMIN
e65d95434d0d11e1a996002564cb911c,0,0,,0.0,0,,Check for Major Outage,,0,ccde4e2b57e011e1aa36002564cb911c,,,,2012-02-01T14:49:50,0,2012-02-15T12:28:37,1899-12-30T00:00:00,0,0,0,0,,,,0,0,,,,,,,,,,0,,0.0,,0,Find previous logged planned or already known  Service problemm that match the classification. Identify any Service problem that seem to match. Perform appropriate procedures that will reduce work to a single reosurce problem instead of working on multiple problem.,,,0.0,,,,ADMIN,ADMIN,ADMIN
e7338aef5f4b11e4925a6817294aebff,0,0,,0.0,0,,"If the Ticket raised is related to a Billing Enquiry or Billing Dispute, service provider sends a notification advising the Ticket has been accepted and performs analysis to resolve the Ticket.",,0,,,,,2014-10-29T03:13:54,0,2014-10-29T03:13:54,1899-12-30T00:00:00,0,0,0,0,,,,0,0,,,,,,,,,,0,,0.0,,0,,,,0.0,32,32,32,,,
e8b3c1895f4c11e4925a6817294aebff,0,0,,0.0,0,,A valid / unique location is specified as part of the request but is not serviceable at the current time ? send a response containing planned date.,,0,,,,,2014-10-29T03:21:06,0,2014-10-29T03:21:06,1899-12-30T00:00:00,0,0,0,0,,,,0,0,,,,,,,,,,0,,0.0,,0,,,,0.0,32,32,32,,,
e8b3c18a5f4c11e4925a6817294aebff,0,0,,0.0,0,,A valid or unique location is not specified or could not be retrieved ? send a rejection/ error response,,0,,,,,2014-10-29T03:21:12,0,2014-10-29T03:21:12,1899-12-30T00:00:00,0,0,0,0,,,,0,0,,,,,,,,,,0,,0.0,,0,,,,0.0,32,32,32,,,
e9ea84ac4cfe11e1a996002564cb911c,0,0,,0.0,0,,Test & Validate Implemented Solution,,0,ccde4e2b57e011e1aa36002564cb911c,,,,2012-02-01T13:02:38,0,2012-02-15T12:28:42,1899-12-30T00:00:00,0,0,0,0,,,,0,0,,,,,,,,,,0,,0.0,,0,Verify the integrity of the deployed solution. Make sure the deployed solution still works as planned after deployment. Identify issues related to the deployed solution that may need to be addressed.,,,0.0,,,,ADMIN,ADMIN,ADMIN
ea51e2504d0e11e1a996002564cb911c,0,0,,0.0,0,,Create Customer Problem Restoration Plan,,0,ccde4e2b57e011e1aa36002564cb911c,,,,2012-02-01T14:57:06,0,2012-02-15T12:28:39,1899-12-30T00:00:00,0,0,0,0,,,,0,0,,,,,,,,,,0,,0.0,,0,,,,0.0,,,,ADMIN,ADMIN,ADMIN
ec0bdf7e5f4a11e4925a6817294aebff,0,0,,0.0,0,,1. service provider will suspend Trouble Ticket progression in the event that service provider internal activity is required. The Trouble Ticket is placed in a Held state and a Keep Customer Informed notification (service provider Action Required) is sen,,0,,,,,2014-10-29T03:06:53,0,2014-10-29T03:06:53,1899-12-30T00:00:00,0,0,0,0,,,,0,0,,,,,,,,,,0,,0.0,,0,,,,0.0,32,32,32,,,
ec0bdf7f5f4a11e4925a6817294aebff,0,0,,0.0,0,,"2. In certain circumstances the service provider internal issue could be resolved before the scheduled Appointment time. Otherwise, service provider will advise the Appointment could not be met by issuing a notifyAppointmentIncomplete notification.",,0,,,,,2014-10-29T03:07:00,0,2014-10-29T03:07:00,1899-12-30T00:00:00,0,0,0,0,,,,0,0,,,,,,,,,,0,,0.0,,0,,,,0.0,32,32,32,,,
ee55d1af5f4b11e4925a6817294aebff,0,0,,0.0,0,,external party'submits a query request to generate a billing report by executing BRE-TP001 requestBillingReport. external party can submit a query for the following report types:,,0,,,,,2014-10-29T03:14:15,0,2014-10-29T03:14:15,1899-12-30T00:00:00,0,0,0,0,,,,0,0,,,,,,,,,,0,,0.0,,0,,,,0.0,32,32,32,,,
efdb869c5f4c11e4925a6817294aebff,0,0,,0.0,0,,external party'sends a site qualification request.  Assumes that external party would have obtained the NBN Location ID as part of the address query which be used as an input,,0,,,,,2014-10-29T03:21:18,0,2014-10-29T03:21:18,1899-12-30T00:00:00,0,0,0,0,,,,0,0,,,,,,,,,,0,,0.0,,0,,,,0.0,32,32,32,,,
efdb869d5f4c11e4925a6817294aebff,0,0,,0.0,0,,"Determine if the location is serviceable. If so, progress to Step 4 of the main workflow; otherwise refer to the alternate flow.",,0,,,,,2014-10-29T03:21:24,0,2014-10-29T03:21:24,1899-12-30T00:00:00,0,0,0,0,,,,0,0,,,,,,,,,,0,,0.0,,0,,,,0.0,32,32,32,,,
f3d7af285f4a11e4925a6817294aebff,0,0,,0.0,0,,"3. When the required external party action is completed, the Trouble Ticket will continue to be progressed.",,0,,,,,2014-10-29T03:07:06,0,2014-10-29T03:07:06,1899-12-30T00:00:00,0,0,0,0,,,,0,0,,,,,,,,,,0,,0.0,,0,,,,0.0,32,32,32,,,
f3d7af295f4a11e4925a6817294aebff,0,0,,0.0,0,,"4.    Upon resolution of the service provider internal issue, and where an Appointment (or Appointment reschedule) is required to progress, a notifyMoreInformationRequired notification is sent to external party.",,0,,,,,2014-10-29T03:07:13,0,2014-10-29T03:07:13,1899-12-30T00:00:00,0,0,0,0,,,,0,0,,,,,,,,,,0,,0.0,,0,,,,0.0,32,32,32,,,
f72860695f4c11e4925a6817294aebff,0,0,,0.0,0,,Determine infrastructure and resource availability at the given location.,,0,,,,,2014-10-29T03:21:31,0,2014-10-29T03:21:31,1899-12-30T00:00:00,0,0,0,0,,,,0,0,,,,,,,,,,0,,0.0,,0,,,,0.0,32,32,32,,,
f728606a5f4c11e4925a6817294aebff,0,0,,0.0,0,,"Receive request and validate the location. If the location is valid and is unique, progress to Step 3 of the main workflow; otherwise refer to the alternate flow.",,0,,,,,2014-10-29T03:21:37,0,2014-10-29T03:21:37,1899-12-30T00:00:00,0,0,0,0,,,,0,0,,,,,,,,,,0,,0.0,,0,,,,0.0,32,32,32,,,
fe6143215f4b11e4925a6817294aebff,0,0,,0.0,0,,1. service provider has sent an information required notification to external party.,,0,,,,,2014-10-29T03:14:33,0,2014-10-29T03:14:33,1899-12-30T00:00:00,0,0,0,0,,,,0,0,,,,,,,,,,0,,0.0,,0,,,,0.0,32,32,32,,,
fe6143225f4b11e4925a6817294aebff,0,0,,0.0,0,,2. service provider identifies the requested information has not been provided by external party and the waiting time has been breached.,,0,,,,,2014-10-29T03:14:40,0,2014-10-29T03:14:40,1899-12-30T00:00:00,0,0,0,0,,,,0,0,,,,,,,,,,0,,0.0,,0,,,,0.0,32,32,32,,,
ff045cef5f4c11e4925a6817294aebff,0,0,,0.0,0,,Receive response and progress to order creation as required.,,0,,,,,2014-10-29T03:21:44,0,2014-10-29T03:21:44,1899-12-30T00:00:00,0,0,0,0,,,,0,0,,,,,,,,,,0,,0.0,,0,,,,0.0,32,32,32,,,
ff045cf05f4c11e4925a6817294aebff,0,0,,0.0,0,,Send a response containing qualification result details. (Also refer to Pre Order Management Overview Section),,0,,,,,2014-10-29T03:21:50,0,2014-10-29T03:21:50,1899-12-30T00:00:00,0,0,0,0,,,,0,0,,,,,,,,,,0,,0.0,,0,,,,0.0,32,32,32,,,
ff38fd5b4d0e11e1a996002564cb911c,0,0,,0.0,0,,Create Known Record,,0,ccde4e2b57e011e1aa36002564cb911c,,,,2012-02-01T14:57:46,0,2012-02-15T12:28:39,1899-12-30T00:00:00,0,0,0,0,,Create Known error record,,0,0,,,,,,,,,,0,Problem Management,0.0,,0,"Create an new known error record, where a service problem is not already represented as a known error, and the root cause is fully understood.",,,0.0,,,,ADMIN,ADMIN,ADMIN
